{"assets/fonts/AvenirLTPro-Black.otf":["assets/fonts/AvenirLTPro-Black.otf"],"assets/fonts/AvenirLTPro-Heavy.otf":["assets/fonts/AvenirLTPro-Heavy.otf"],"assets/fonts/AvenirLTPro-Light.otf":["assets/fonts/AvenirLTPro-Light.otf"],"assets/fonts/AvenirLTPro-Medium.otf":["assets/fonts/AvenirLTPro-Medium.otf"],"assets/fonts/FuturaBoldFont.ttf":["assets/fonts/FuturaBoldFont.ttf"],"assets/fonts/FuturaHeavyFont.ttf":["assets/fonts/FuturaHeavyFont.ttf"],"assets/fonts/FuturaLightFont.ttf":["assets/fonts/FuturaLightFont.ttf"],"assets/fonts/FuturaMedium.ttf":["assets/fonts/FuturaMedium.ttf"],"assets/fonts/FuturaPTLight.otf":["assets/fonts/FuturaPTLight.otf"],"assets/fonts/FuturaPTMedium.otf":["assets/fonts/FuturaPTMedium.otf"],"assets/fonts/Nunito-Regular.ttf":["assets/fonts/Nunito-Regular.ttf"],"assets/fonts/Poppins-Black.ttf":["assets/fonts/Poppins-Black.ttf"],"assets/fonts/Poppins-Bold.ttf":["assets/fonts/Poppins-Bold.ttf"],"assets/fonts/Poppins-Light.ttf":["assets/fonts/Poppins-Light.ttf"],"assets/fonts/Poppins-Medium.ttf":["assets/fonts/Poppins-Medium.ttf"],"assets/fonts/Poppins-Regular.ttf":["assets/fonts/Poppins-Regular.ttf"],"assets/fonts/Poppins-SemiBold.ttf":["assets/fonts/Poppins-SemiBold.ttf"],"assets/fonts/Poppins-Thin.ttf":["assets/fonts/Poppins-Thin.ttf"],"assets/fonts/Raleway-Bold.ttf":["assets/fonts/Raleway-Bold.ttf"],"assets/fonts/Raleway-ExtraBold.ttf":["assets/fonts/Raleway-ExtraBold.ttf"],"assets/fonts/Raleway-Light.ttf":["assets/fonts/Raleway-Light.ttf"],"assets/fonts/Raleway-Medium.ttf":["assets/fonts/Raleway-Medium.ttf"],"assets/fonts/Raleway-Regular.ttf":["assets/fonts/Raleway-Regular.ttf"],"assets/fonts/Raleway-SemiBold.ttf":["assets/fonts/Raleway-SemiBold.ttf"],"assets/fonts/WorkSans-Bold.ttf":["assets/fonts/WorkSans-Bold.ttf"],"assets/fonts/WorkSans-ExtraBold.ttf":["assets/fonts/WorkSans-ExtraBold.ttf"],"assets/fonts/WorkSans-Light.ttf":["assets/fonts/WorkSans-Light.ttf"],"assets/fonts/WorkSans-Medium.ttf":["assets/fonts/WorkSans-Medium.ttf"],"assets/fonts/WorkSans-Regular.ttf":["assets/fonts/WorkSans-Regular.ttf"],"assets/fonts/WorkSans-SemiBold.ttf":["assets/fonts/WorkSans-SemiBold.ttf"],"assets/images/S.png":["assets/images/S.png"],"assets/images/Vector.png":["assets/images/Vector.png"],"assets/images/appLogo.png":["assets/images/appLogo.png"],"assets/images/call.png":["assets/images/call.png"],"assets/images/camera.png":["assets/images/camera.png"],"assets/images/celebrate.png":["assets/images/celebrate.png"],"assets/images/demoAward1.png":["assets/images/demoAward1.png"],"assets/images/demoAward2.png":["assets/images/demoAward2.png"],"assets/images/demoAward3.png":["assets/images/demoAward3.png"],"assets/images/demoAward4.png":["assets/images/demoAward4.png"],"assets/images/demoAward5.png":["assets/images/demoAward5.png"],"assets/images/demoAwards6.png":["assets/images/demoAwards6.png"],"assets/images/demoNetwork1.png":["assets/images/demoNetwork1.png"],"assets/images/demoNetwork2.png":["assets/images/demoNetwork2.png"],"assets/images/demoNetwork3.png":["assets/images/demoNetwork3.png"],"assets/images/demoNetwork4.png":["assets/images/demoNetwork4.png"],"assets/images/dot.png":["assets/images/dot.png"],"assets/images/edit.png":["assets/images/edit.png"],"assets/images/elred_icon.png":["assets/images/elred_icon.png"],"assets/images/email_verified.png":["assets/images/email_verified.png"],"assets/images/emoji_confetti.png":["assets/images/emoji_confetti.png"],"assets/images/emoji_smiley.png":["assets/images/emoji_smiley.png"],"assets/images/emoji_super.png":["assets/images/emoji_super.png"],"assets/images/emoji_victory.png":["assets/images/emoji_victory.png"],"assets/images/error_bg.png":["assets/images/error_bg.png"],"assets/images/error_icon.png":["assets/images/error_icon.png"],"assets/images/frame1.png":["assets/images/frame1.png"],"assets/images/gallery.png":["assets/images/gallery.png"],"assets/images/guard.png":["assets/images/guard.png"],"assets/images/hidden.png":["assets/images/hidden.png"],"assets/images/home_help_icon.png":["assets/images/home_help_icon.png"],"assets/images/home_info_icon.png":["assets/images/home_info_icon.png"],"assets/images/home_settings_icon.png":["assets/images/home_settings_icon.png"],"assets/images/image_outlined.png":["assets/images/image_outlined.png"],"assets/images/individual.jpg":["assets/images/individual.jpg"],"assets/images/laptop.png":["assets/images/laptop.png"],"assets/images/largeDevice.png":["assets/images/largeDevice.png"],"assets/images/location.png":["assets/images/location.png"],"assets/images/mail.png":["assets/images/mail.png"],"assets/images/mail_icon.png":["assets/images/mail_icon.png"],"assets/images/menu_icon.png":["assets/images/menu_icon.png"],"assets/images/name_icon.png":["assets/images/name_icon.png"],"assets/images/navigation_icon.png":["assets/images/navigation_icon.png"],"assets/images/networks.png":["assets/images/networks.png"],"assets/images/no_awards_added_image.png":["assets/images/no_awards_added_image.png"],"assets/images/no_networks.png":["assets/images/no_networks.png"],"assets/images/no_networks_added_image%20-%20Copy.png":["assets/images/no_networks_added_image%20-%20Copy.png"],"assets/images/no_networks_added_image.png":["assets/images/no_networks_added_image.png"],"assets/images/no_result.png":["assets/images/no_result.png"],"assets/images/no_resume.png":["assets/images/no_resume.png"],"assets/images/pdf_gen.png":["assets/images/pdf_gen.png"],"assets/images/pdf_icon.png":["assets/images/pdf_icon.png"],"assets/images/pin.png":["assets/images/pin.png"],"assets/images/pin_black.png":["assets/images/pin_black.png"],"assets/images/pin_white.png":["assets/images/pin_white.png"],"assets/images/pns_dd.png":["assets/images/pns_dd.png"],"assets/images/profileTick.png":["assets/images/profileTick.png"],"assets/images/profile_pic.png":["assets/images/profile_pic.png"],"assets/images/resume.png":["assets/images/resume.png"],"assets/images/smiley.png":["assets/images/smiley.png"],"assets/images/star.png":["assets/images/star.png"],"assets/images/su_my.png":["assets/images/su_my.png"],"assets/images/success_bg.png":["assets/images/success_bg.png"],"assets/images/success_icon.png":["assets/images/success_icon.png"],"assets/images/trash.png":["assets/images/trash.png"],"assets/images/upload.png":["assets/images/upload.png"],"assets/images/upload_image.png":["assets/images/upload_image.png"],"assets/images/username_icon.png":["assets/images/username_icon.png"],"assets/images/verif_icon.png":["assets/images/verif_icon.png"],"assets/images/verified.png":["assets/images/verified.png"],"assets/images/verify_2.png":["assets/images/verify_2.png"],"assets/images/warning_bg.png":["assets/images/warning_bg.png"],"assets/images/warning_icon.png":["assets/images/warning_icon.png"],"assets/images/web.png":["assets/images/web.png"],"assets/images/webIcon.png":["assets/images/webIcon.png"],"assets/images/wira_icon.png":["assets/images/wira_icon.png"],"assets/svg/clap.svg":["assets/svg/clap.svg"],"assets/svg/crying_laughter.svg":["assets/svg/crying_laughter.svg"],"assets/svg/emptyList.svg":["assets/svg/emptyList.svg"],"assets/svg/fire.svg":["assets/svg/fire.svg"],"assets/svg/form_edit_icon.svg":["assets/svg/form_edit_icon.svg"],"assets/svg/heart.svg":["assets/svg/heart.svg"],"assets/svg/raise_hand.svg":["assets/svg/raise_hand.svg"],"assets/svg/ratingstar.svg":["assets/svg/ratingstar.svg"],"assets/svg/sad.svg":["assets/svg/sad.svg"],"assets/svg/smiling_heart.svg":["assets/svg/smiling_heart.svg"],"assets/svg/testimonial_card_sign.svg":["assets/svg/testimonial_card_sign.svg"],"assets/svg/wow.svg":["assets/svg/wow.svg"],"packages/cupertino_icons/assets/CupertinoIcons.ttf":["packages/cupertino_icons/assets/CupertinoIcons.ttf"],"packages/fluttertoast/assets/toastify.css":["packages/fluttertoast/assets/toastify.css"],"packages/fluttertoast/assets/toastify.js":["packages/fluttertoast/assets/toastify.js"],"packages/wakelock_web/assets/no_sleep.js":["packages/wakelock_web/assets/no_sleep.js"]}