[{"family":"MaterialIcons","fonts":[{"asset":"fonts/MaterialIcons-Regular.otf"}]},{"family":"WorkSans","fonts":[{"asset":"assets/fonts/WorkSans-Regular.ttf"},{"asset":"assets/fonts/WorkSans-Medium.ttf"},{"asset":"assets/fonts/WorkSans-ExtraBold.ttf"},{"asset":"assets/fonts/WorkSans-SemiBold.ttf"},{"asset":"assets/fonts/WorkSans-Bold.ttf"},{"asset":"assets/fonts/WorkSans-Light.ttf"}]},{"family":"Nunito","fonts":[{"weight":500,"asset":"assets/fonts/Nunito-Regular.ttf"}]},{"family":"AvenirLTPro","fonts":[{"weight":700,"asset":"assets/fonts/AvenirLTPro-Black.otf"},{"weight":600,"asset":"assets/fonts/AvenirLTPro-Heavy.otf"},{"weight":400,"asset":"assets/fonts/AvenirLTPro-Light.otf"},{"weight":500,"asset":"assets/fonts/AvenirLTPro-Medium.otf"}]},{"family":"FuturaPT","fonts":[{"weight":700,"asset":"assets/fonts/FuturaHeavyFont.ttf"},{"weight":600,"asset":"assets/fonts/FuturaBoldFont.ttf"},{"weight":400,"asset":"assets/fonts/FuturaMedium.ttf"},{"weight":200,"asset":"assets/fonts/FuturaLightFont.ttf"}]},{"family":"Raleway","fonts":[{"weight":300,"asset":"assets/fonts/Raleway-Light.ttf"},{"weight":400,"asset":"assets/fonts/Raleway-Regular.ttf"},{"weight":500,"asset":"assets/fonts/Raleway-Medium.ttf"},{"weight":600,"asset":"assets/fonts/Raleway-SemiBold.ttf"},{"weight":700,"asset":"assets/fonts/Raleway-Bold.ttf"},{"weight":800,"asset":"assets/fonts/Raleway-ExtraBold.ttf"}]},{"family":"FuturaPT","fonts":[{"asset":"assets/fonts/FuturaPTLight.otf"},{"asset":"assets/fonts/FuturaPTMedium.otf"}]},{"family":"Poppins","fonts":[{"weight":900,"asset":"assets/fonts/Poppins-Black.ttf"},{"weight":700,"asset":"assets/fonts/Poppins-Bold.ttf"},{"weight":300,"asset":"assets/fonts/Poppins-Light.ttf"},{"weight":500,"asset":"assets/fonts/Poppins-Medium.ttf"},{"weight":400,"asset":"assets/fonts/Poppins-Regular.ttf"},{"weight":600,"asset":"assets/fonts/Poppins-SemiBold.ttf"},{"weight":100,"asset":"assets/fonts/Poppins-Thin.ttf"}]},{"family":"packages/cupertino_icons/CupertinoIcons","fonts":[{"asset":"packages/cupertino_icons/assets/CupertinoIcons.ttf"}]}]